{
  "project_info": {
    "project_number": "518178031080",
    "project_id": "healthcare-4db48",
    "storage_bucket": "healthcare-4db48.appspot.com"
  },
  "client": [
    {
      "client_info": {
        "mobilesdk_app_id": "1:518178031080:android:80e9eea672b6e88d30105d",
        "android_client_info": {
          "package_name": "com.example.healthapp"
        }
      },
      "oauth_client": [
        {
          "client_id": "518178031080-vkg4o4d6ngsfa1pfmm8064pqrcrge5co.apps.googleusercontent.com",
          "client_type": 3
        }
      ],
      "api_key": [
        {
          "current_key": "AIzaSyDy5zRuJoPHJjQmepNUiOlRIwotljOogoY"
        }
      ],
      "services": {
        "appinvite_service": {
          "other_platform_oauth_client": [
            {
              "client_id": "518178031080-vkg4o4d6ngsfa1pfmm8064pqrcrge5co.apps.googleusercontent.com",
              "client_type": 3
            }
          ]
        }
      }
    }
  ],
  "configuration_version": "1"
}